election_year,election_type,election_scope,cycle_label
1994,general,federal_state,General 1994
1996,municipal,municipal,Municipal 1996
1998,general,federal_state,General 1998
2000,municipal,municipal,Municipal 2000
2002,general,federal_state,General 2002
2004,municipal,municipal,Municipal 2004
2006,general,federal_state,General 2006
2008,municipal,municipal,Municipal 2008
2010,general,federal_state,General 2010
2012,municipal,municipal,Municipal 2012
2014,general,federal_state,General 2014
2016,municipal,municipal,Municipal 2016
2018,general,federal_state,General 2018
2020,municipal,municipal,Municipal 2020
2022,general,federal_state,General 2022
2024,municipal,municipal,Municipal 2024
2026,general,federal_state,General 2026
