name,url,status,variant,price_brl,old_price_brl,image_url
Kit Trevo de Quatro Folhas,https://www.plantei.com.br/kit-trevo-de-quatro-folhas,available,Unidade,15.9,,https://images.tcdn.com.br/img/img_prod/350075/kit_trevo_de_quatro_folhas_10745_1_20220412115303.jpg
Ofertas,https://www.plantei.com.br/ofertas,available,Unidade,49.9,,https://images.tcdn.com.br/files/350075/themes/329/img/settings/ikob-1734686434025-theme-icon-message-bank-card.png?31d587375fde326c9ef35fa12d8ee189
Plantei Garden Center,https://www.plantei.com.br,available,Unidade,49.9,,https://images.tcdn.com.br/files/350075/themes/329/img/settings/ikws-1772390595513-FINAL-599-transparente-total.png?31d587375fde326c9ef35fa12d8ee189
Plantas,https://www.plantei.com.br/plantas-naturais,available,Unidade,49.9,,https://images.tcdn.com.br/img/img_prod/350075/muda_de_pau_mulato_feita_de_semente_fc_14835_1_07557a236894ef79d74f33ad0e6242c3_20220412114305.jpg
Pau Mulato,https://www.plantei.com.br/muda-de-pau-mulato,available,Unidade,49.9,,https://images.tcdn.com.br/img/img_prod/350075/muda_de_pau_mulato_feita_de_semente_fc_14835_1_07557a236894ef79d74f33ad0e6242c3_20220412114305.jpg
Sementes,https://www.plantei.com.br/sementes,available,Unidade,11.9,,https://images.tcdn.com.br/img/img_prod/350075/sementes_de_feijao_de_vagem_macarrao_trepador_topseed_blue_line_1470_1_20220412114347.jpg
Sementes de Feijao de Vagem Macarrao (Trepador) - Topseed Blue Line,https://www.plantei.com.br/sementes-de-feijao-de-vagem-macarrao-trepador-topseed-blue-line,available,Unidade,11.9,,https://images.tcdn.com.br/img/img_prod/350075/sementes_de_feijao_de_vagem_macarrao_trepador_topseed_blue_line_1470_1_20220412114347.jpg
Bulbos de Flores,https://www.plantei.com.br/bulbos-de-flores,available,Unidade,29.9,,https://images.tcdn.com.br/img/img_prod/350075/amaryllis_superstar_branco_com_vermelho_cartela_com_1_bulbo_18319_1_c1fd799b3fa76da46c397cace4035d91.jpg
Amaryllis Superstar Branco com Vermelho - Cartela com 1 bulbo,https://www.plantei.com.br/amaryllis-superstar-branco-com-vermelho,available,Unidade,29.9,,https://images.tcdn.com.br/img/img_prod/350075/amaryllis_superstar_branco_com_vermelho_cartela_com_1_bulbo_18319_1_c1fd799b3fa76da46c397cace4035d91.jpg
Suportes e Acessórios,https://www.plantei.com.br/suportes-e-acessorios,available,Unidade,17.9,,https://images.tcdn.com.br/img/img_prod/350075/suporte_de_trelica_preto_para_vaso_autoirrigavel_grande_raiz_trelica_de_ferro_vintage_6317_1_20220412115727.png
Suporte de treliça preto para Vaso Autoirrigável Grande Raiz (Treliça de ferro Vintage),https://www.plantei.com.br/suporte-de-trelica-preto-para-vaso-autoirrigavel-grande-raiz-trelica-de-ferro-vintage,available,Unidade,17.9,,https://images.tcdn.com.br/img/img_prod/350075/suporte_de_trelica_preto_para_vaso_autoirrigavel_grande_raiz_trelica_de_ferro_vintage_6317_1_20220412115727.png
Fertilizantes,https://www.plantei.com.br/fertilizantes,available,Unidade,67.66,,https://images.tcdn.com.br/img/img_prod/350075/kit_economico_fertilizante_em_pastilhas_para_orquideas_leve_4_com_15_off_19051_1_36982fa7dbfb45b9926682431a439310.jpg
Adicionar favorito,https://www.plantei.com.br/fertilizantes/pastilhas-de-liberacao-lenta/kit-economico-fertilizante-em-pastilhas-para-orquideas-leve-4-com-15-off,available,Unidade,67.66,,https://images.tcdn.com.br/img/img_prod/350075/kit_economico_fertilizante_em_pastilhas_para_orquideas_leve_4_com_15_off_19051_1_36982fa7dbfb45b9926682431a439310.jpg
Substratos,https://www.plantei.com.br/substratos,available,Unidade,22.9,,https://images.tcdn.com.br/img/img_prod/350075/terra_para_zamioculcas_2kg_vitaplan_18905_1_e31337596bed8bf229a5fd81e55846f8.jpg
Terra para Zamioculcas 2Kg Vitaplan,https://www.plantei.com.br/substratos/terra-para-zamioculcas-2kg-vitaplan,available,Unidade,22.9,,https://images.tcdn.com.br/img/img_prod/350075/terra_para_zamioculcas_2kg_vitaplan_18905_1_e31337596bed8bf229a5fd81e55846f8.jpg
15.3 | MÊS DO CONSUMIDOR,https://www.plantei.com.br/ofertas-exclusivas,available,Unidade,34.9,,https://images.tcdn.com.br/files/350075/themes/329/img/settings/icone-desconto-cheio-branco.png?31d587375fde326c9ef35fa12d8ee189
Primavera Cor Sortida (Bougainvillea spectabilis),https://www.plantei.com.br/muda-de-primavera-cor-sortida,available,Unidade,34.9,,https://images.tcdn.com.br/img/img_prod/350075/primavera_cor_sortida_bougainvillea_spectabilis_1_20260115075627_1ca5dc224225.jpg
Aroeira Pimenteira,https://www.plantei.com.br/plantas/frutiferas/aroeira-pimenteira,available,Unidade,49.9,,https://images.tcdn.com.br/img/img_prod/350075/aroeira_pimenteira_1_20251017114147_2b612edede54.png
Tumbérgia Azul (Thunbergia grandiflora),https://www.plantei.com.br/tumbergia-azul-thunbergia-grandiflora,available,Unidade,49.9,,https://images.tcdn.com.br/img/img_prod/350075/muda_de_tumbergia_feita_de_estaca_17994_2_7e1c0af8c19f950ce024c32842100721.jpg
Vaso Autoirrigável Médio Preto Linha Gourmet - Cultive Seus Temperos Frescos,https://www.plantei.com.br/vaso-autoirrigavel-medio-preto,available,Unidade,39.99,,https://images.tcdn.com.br/img/img_prod/350075/vaso_autoirrigavel_medio_n03_preto_linha_gourmet_16_cm_x_14_cm_2683_1_831c45bf3708e7a10fa6d593e84fb81e.jpg
Amor Agarradinho Rosa,https://www.plantei.com.br/plantas/trepadeiras/amor-agarradinho-rosa,available,Unidade,49.9,,https://images.tcdn.com.br/img/img_prod/350075/amor_agarradinho_rosa_1_20250908141015_5f617a36cdcb.jpg
Flor-de-São-Miguel (Petrea volubilis),https://www.plantei.com.br/muda-de-flor-sao-miguel,available,Unidade,49.9,,https://images.tcdn.com.br/img/img_prod/350075/flor_de_so_miguel_gigante_1_20251116080820_8022f5908754.jpg
Bandeja Sementeira para Mudas 32 Células Nutriplan,https://www.plantei.com.br/bandeja-sementeira-para-mudas-32-celulas-nutriplan,available,Unidade,15.9,,https://images.tcdn.com.br/img/img_prod/350075/bandeja_para_mudas_32_celulas_nutriplan_9042_1_f0bac394f2de1b37d9d85b62a27f3e08_20220412115138.jpg
Cachepo DUE N3 Pote 15 - Terracota,https://www.plantei.com.br/vasos-e-cachepots/vasos-para-plantas/cachepo/cachepo-due-n3-pote-15-terracota,available,Unidade,27.0,,https://images.tcdn.com.br/img/img_prod/350075/cachepo_due_n3_pote_15_terracota_1_20260305131507_c992c7f5d769.jpg
Uva Japonesa ou Chico Magro,https://www.plantei.com.br/muda-de-uva-japonesa,available,Unidade,39.9,,https://images.tcdn.com.br/img/img_prod/350075/muda_de_uva_japonesa_ou_chico_magro_feita_por_semente_12417_1_20220412114244.jpg
Amora Gigante Portuguesa,https://www.plantei.com.br/muda-de-amora-gigante-portuguesa,available,Unidade,44.9,,https://images.tcdn.com.br/img/img_prod/350075/muda_de_amora_gigante_portuguesa_feita_de_estaca_699_1_8458926ee4205b0e65e0111833c1ee9b.jpg
Fruta do Milagre,https://www.plantei.com.br/muda-de-fruta-do-milagre,available,Unidade,58.9,,https://images.tcdn.com.br/img/img_prod/350075/muda_de_fruta_do_milagre_14793_1_9d3f463120dcb304797adb624d75d449.jpg
Amor Agarradinho Branco,https://www.plantei.com.br/plantas-naturais/amor-agarradinho-branco,available,Unidade,58.9,,https://images.tcdn.com.br/img/img_prod/350075/amor_agarradinho_branco_1_20260309171528_50b7ca96b540.jpg
Orquídea Baunilha (Vanilla planifolia),https://www.plantei.com.br/muda-orquidea-baunilha-vanilla-planifolia,available,Unidade,56.9,,https://images.tcdn.com.br/img/img_prod/350075/muda_de_orquidea_baunilha_vanilla_planifolia_feita_de_estaca_14831_1_305c5ee2e459c8bbeef253f64c47206d.jpg
Samambaia Havaiana Mini Cuia 13,https://www.plantei.com.br/mini-samambaia-havaiana,available,Unidade,12.9,,https://images.tcdn.com.br/img/img_prod/350075/mini_samambaia_havaiana_cuia_13_9454_1_20220412114309.jpg
Philodendron Pink Princess - Raro e Exótico com Folhagem Rosa,https://www.plantei.com.br/philodendron-pink-princess,available,Unidade,30.9,,https://images.tcdn.com.br/img/img_prod/350075/muda_de_philodendron_pink_princess_pote_17_philodendro_17968_1_f15c1639f2ce0a08aa39db6647e2b741.jpeg
Rosa do Deserto Pequena Pote 06,https://www.plantei.com.br/muda-de-rosa-do-deserto-pequena,available,Unidade,10.9,,https://images.tcdn.com.br/img/img_prod/350075/muda_de_rosa_do_deserto_pequena_17115_1_6dda9e6a61b57c3a8e42578787c888e5.jpg
Jiboia Njoy Cuia 13,https://www.plantei.com.br/mudas/folhagens/muda-de-jiboia-njoy-cuia-13,available,Unidade,24.9,,https://images.tcdn.com.br/img/img_prod/350075/muda_de_jiboia_njoy_cuia_13_16863_5_f7d0da6e5436c7e8f79dbc161acb3797.jpg
Lichia Bengal,https://www.plantei.com.br/muda-de-lichia-bengal,available,Unidade,69.9,,https://images.tcdn.com.br/img/img_prod/350075/muda_de_lichia_bengal_feita_de_alporque_1597_1_20220412114217.jpg
Palmeira Areca Bambu Pote 11,https://www.plantei.com.br/palmeira-areca-bambu-pote-11,available,Unidade,15.9,,https://images.tcdn.com.br/img/img_prod/350075/palmeira_areca_bambu_pote_11_9450_1_caa418fee6213d5bd5f5fa5b3cb7e7fa_20220412114302.jpg
Jiboia Verde Cuia 21,https://www.plantei.com.br/muda-de-jiboia-verde-cuia-21,available,Unidade,31.9,,https://images.tcdn.com.br/img/img_prod/350075/muda_de_jiboia_variada_cuia_21_8786_1_a176a7b9a793b0891cc61ca15bc24898.jpg
Ora Pro Nóbis,https://www.plantei.com.br/muda-de-ora-pro-nobis,available,Unidade,39.9,,https://images.tcdn.com.br/img/img_prod/350075/muda_de_ora_pro_nobis_2971_2_20220412114325.jpg
Mirtilo Blueberry Climax,https://www.plantei.com.br/muda-de-mirtilo-blueberry,available,Unidade,89.9,,https://images.tcdn.com.br/img/img_prod/350075/muda_de_mirtilo_blueberry_woodard_produzindo_670_1_20220412114212.jpg
Flor de Maio Pote Tamanho 11 - Cor Sortida,https://www.plantei.com.br/flor-de-maio-pote-11-cores-variadas,available,Unidade,18.9,,https://images.tcdn.com.br/img/img_prod/350075/muda_de_flor_de_maio_pote_tamanho_11_cor_sortida_11581_8_4b97a2800ea943e6b498fadf9633de3b.png
Moringa (Moringa oleifera),https://www.plantei.com.br/muda-de-moringa,available,Unidade,39.9,,https://images.tcdn.com.br/img/img_prod/350075/moringa_1_20251207125202_749b08cfe673.jpg
Abacaxi Roxo Tradescantia Spathacea Pote 11,https://www.plantei.com.br/muda-de-abacaxi-roxo-pote-11,available,Unidade,13.9,,https://images.tcdn.com.br/img/img_prod/350075/muda_de_abacaxi_roxo_tradescantia_spathacea_pote_11_14031_1_beec6da6c38cd3403a4f11653d77196d.jpg
Fruta do Sabiá,https://www.plantei.com.br/muda-de-fruta-do-sabia,available,Unidade,41.9,,https://images.tcdn.com.br/img/img_prod/350075/muda_de_fruta_do_sabia_com_70cm_feita_de_estaca_5059_1_20220412114217.jpg
Peperômia Mini Variada Cuia 13,https://www.plantei.com.br/muda-de-peperomia-mini-variada-cuia-13,available,Unidade,11.9,,https://images.tcdn.com.br/img/img_prod/350075/muda_de_peperomia_mini_variada_cuia_13_12429_4_1fb4082deac175e25a977e086e0feab5.jpeg
Guaimbê (Philodendron bipinnatifidum) - Folhagem Tropical Escultural,https://www.plantei.com.br/muda-de-guaimbe,available,Unidade,31.9,,https://images.tcdn.com.br/img/img_prod/350075/muda_de_guaimbe_feita_de_semente_fc_14829_1_ef69479399876e8c261ec8c4df077cc9_20220412114309.jpg
Monstera Obliqua Adansonii Pote 15,https://www.plantei.com.br/muda-de-monstera-obliqua-adansonii,available,Unidade,24.9,,https://images.tcdn.com.br/img/img_prod/350075/muda_de_monstera_obliqua_adansonii_pote_15_18315_1_d3be4fe110e1875879cdfd3989140571.jpg
Ficus Lyrata Bambino Pote 15,https://www.plantei.com.br/mudas/folhagens/muda-de-ficus-lyrata-bambino-pote-15,available,Unidade,38.9,,https://images.tcdn.com.br/img/img_prod/350075/muda_de_ficus_lyrata_bambino_pote_15_17157_1_9bba56a8e896568189d7d4b0b0654417.jpg
Begônia Dark Mambo,https://www.plantei.com.br/mudas/folhagens/muda-de-begonia-dark-mambo,available,Unidade,19.9,,https://images.tcdn.com.br/img/img_prod/350075/muda_de_begonia_dark_mambo_pote_11_17471_1_3a8cfb6dbc6a448c7b76dd99b4e03bf9.jpg
Pitaya Vermelha,https://www.plantei.com.br/muda-de-pitaya-vermelha,available,Unidade,45.9,,https://images.tcdn.com.br/img/img_prod/350075/muda_de_pitaya_vermelha_40cm_feita_de_estaca_6039_1_20220412114217.jpg
Zamioculca Pote 17,https://www.plantei.com.br/zamioculca-pote-17,available,Unidade,46.9,,https://images.tcdn.com.br/img/img_prod/350075/muda_de_zamioculca_pote_17_9456_1_7f9a035b58359cfec0c68f70241f2759.jpg
Bambu da Sorte Pote 06,https://www.plantei.com.br/mudas/folhagens/muda-de-bambu-da-sorte-pote-06,available,Unidade,24.9,,https://images.tcdn.com.br/img/img_prod/350075/muda_de_bambu_da_sorte_pote_06_17219_1_e259b4ae3a61cf619b7799bd9318a36a.jpg
Antúrio Mini Million Flowers Vermelho - Beleza Compacta para Seu Ambiente,https://www.plantei.com.br/muda-anturio-mini-million-flowers-vermelho,available,Unidade,29.9,,https://images.tcdn.com.br/img/img_prod/350075/muda_de_anturio_mini_million_flowers_vermelho_pote_09_18763_1_23cc8a3a20e3492a96df41b446a4b9c2.jpeg
Begônia Maculata Pote 15,https://www.plantei.com.br/mudas/folhagens/muda-de-begonia-maculata,available,Unidade,29.9,,https://images.tcdn.com.br/img/img_prod/350075/muda_de_begonia_maculata_pote_13_16755_1_4bb90c5114e179765bc904beadccc660.jpg
Maranta Tricolor ou Calathea Triostar Pote 12 Trialstar,https://www.plantei.com.br/mudas/folhagens/muda-de-maranta-ou-calathea-trialstar-pote-12,available,Unidade,49.9,,https://images.tcdn.com.br/img/img_prod/350075/maranta_tricolor_ou_calathea_triostar_pote_12_tria_1_20260115074334_77d41a87f4da.png
Alocasia Polly Pote 12,https://www.plantei.com.br/mudas/folhagens/muda-de-alocasia-amazonica-pote-12,available,Unidade,19.9,,https://images.tcdn.com.br/img/img_prod/350075/muda_de_alocasia_polly_pote_12_16839_1_9215eb8badf7e3d30f90861140400165.jpg
Hedera Verde Cuia 21,https://www.plantei.com.br/hedera-verde-cuia-21,available,Unidade,38.9,,https://images.tcdn.com.br/img/img_prod/350075/hera_da_algeria_cuia_21_10363_1_20220412114304.jpg
Peperômia Scandens Cuia 21,https://www.plantei.com.br/mudas/folhagens/muda-de-peperomia-scandens-cuia-21,available,Unidade,25.9,,https://images.tcdn.com.br/img/img_prod/350075/muda_de_peperomia_scandens_cuia_21_15453_1_cd7e24205fe2393e3962b7aac6ae7035.jpg
Tostão ou Dinheiro em Penca Cuia 21,https://www.plantei.com.br/tostao-ou-dinheiro-em-penca-cuia-21,available,Unidade,31.9,,https://images.tcdn.com.br/img/img_prod/350075/tosto_ou_dinheiro_em_penca_cuia_21_1_20260311141910_9b86f205b511.jpg
Lírio da Paz (Spathiphyllum) Pote 15,https://www.plantei.com.br/spathiphyllum-lirio-da-paz-pote-15,available,Unidade,26.9,,https://images.tcdn.com.br/img/img_prod/350075/vaso_de_lirio_da_paz_spathiphyllum_pote_15_10367_1_20220412114301.jpg
Framboesa Negra,https://www.plantei.com.br/muda-de-framboesa-europeia,available,Unidade,69.9,,https://images.tcdn.com.br/img/img_prod/350075/framboesa_negra_1_20250911173522_cfed42a27bba.jpg
Jiboia Branca Cuia 21,https://www.plantei.com.br/muda-de-jiboia-branca-cuia-21,available,Unidade,38.9,,https://images.tcdn.com.br/img/img_prod/350075/jiboia_branca_cuia_21_1_20260119162315_48e690bb429c.jpeg
Philodendron Birkin (Filodendro Birkin),https://www.plantei.com.br/muda-philodendro-birkin,available,Unidade,24.9,,https://images.tcdn.com.br/img/img_prod/350075/muda_de_philodendro_birkin_pote_12_17605_1_23bc867845259f811ba9069c1f11b0e5.jpg
Bulbo Caladium Thay Beauty,https://www.plantei.com.br/bulbo-caladium-thay-beauty,available,Unidade,59.9,,https://images.tcdn.com.br/img/img_prod/350075/bulbo_caladium_thay_beauty_18937_1_df35041ff0f9997058f2fa37e7790e38.jpg
